delivery_date,hour_ending,delivery_datetime,delivery_datetime_utc,dst_flag,load_forecast_issue_time,wind_forecast_issue_time,solar_forecast_issue_time,load_issue_date,wind_issue_date,solar_issue_date,load_source_product_id,wind_source_product_id,solar_source_product_id,load_coast_mw,load_east_mw,load_far_west_mw,load_north_mw,load_north_central_mw,load_south_central_mw,load_southern_mw,load_west_mw,load_system_total_mw,wind_stwpf_lz_north_mw,wind_stwpf_lz_south_houston_mw,wind_stwpf_lz_west_mw,wind_stwpf_system_wide_mw,wind_wgrpp_lz_north_mw,wind_wgrpp_lz_south_houston_mw,wind_wgrpp_lz_west_mw,wind_wgrpp_system_wide_mw,solar_pvgrpp_system_mw,solar_stppf_system_mw,has_load_forecast,has_wind_forecast,has_solar_forecast,has_all_three_forecasts,load_pre_dam_valid,wind_pre_dam_valid,solar_pre_dam_valid,all_issue_times_pre_dam_valid
2025-02-28,1:00,2025-02-28T01:00:00-06:00,2025-02-28T07:00:00+00:00,N,2025-02-27T09:30:00-06:00,2025-02-27T09:55:09-06:00,2025-02-27T09:55:08-06:00,2025-02-27,2025-02-27,2025-02-27,NP3-561-CD,NP4-732-CD,NP4-737-CD,10201.7002,1507.5699,7001.9399,1580.05,10160.5996,6153.6602,3152.22,1093.08,40850.8198,391.9,1674.0,5613.8,7679.7,281.4,1369.3,4843.7,6494.4,0.0,0.0,True,True,True,True,True,True,True,True
2025-02-28,2:00,2025-02-28T02:00:00-06:00,2025-02-28T08:00:00+00:00,N,2025-02-27T09:30:00-06:00,2025-02-27T09:55:09-06:00,2025-02-27T09:55:08-06:00,2025-02-27,2025-02-27,2025-02-27,NP3-561-CD,NP4-732-CD,NP4-737-CD,9932.96,1542.95,6920.2798,1604.8101,9831.9805,5931.7998,3001.1499,1076.8,39842.7301,428.4,1779.7,6236.3,8444.4,310.8,1450.2,5398.6,7159.6,0.0,0.0,True,True,True,True,True,True,True,True
2025-02-28,3:00,2025-02-28T03:00:00-06:00,2025-02-28T09:00:00+00:00,N,2025-02-27T09:30:00-06:00,2025-02-27T09:55:09-06:00,2025-02-27T09:55:08-06:00,2025-02-27,2025-02-27,2025-02-27,NP3-561-CD,NP4-732-CD,NP4-737-CD,9829.04,1557.78,6820.3301,1586.5,9699.8896,5833.2998,2899.23,1051.9301,39277.9996,483.2,1821.8,7000.6,9305.6,362.4,1465.5,6096.7,7924.6,0.0,0.0,True,True,True,True,True,True,True,True
2025-02-28,4:00,2025-02-28T04:00:00-06:00,2025-02-28T10:00:00+00:00,N,2025-02-27T09:30:00-06:00,2025-02-27T09:55:09-06:00,2025-02-27T09:55:08-06:00,2025-02-27,2025-02-27,2025-02-27,NP3-561-CD,NP4-732-CD,NP4-737-CD,9842.9404,1540.8,6790.27,1573.51,9831.1797,5821.29,2862.21,1063.79,39325.9901,550.4,1714.0,7782.6,10047.0,427.7,1334.2,6819.2,8581.1,0.0,0.0,True,True,True,True,True,True,True,True
2025-02-28,5:00,2025-02-28T05:00:00-06:00,2025-02-28T11:00:00+00:00,N,2025-02-27T09:30:00-06:00,2025-02-27T09:55:09-06:00,2025-02-27T09:55:08-06:00,2025-02-27,2025-02-27,2025-02-27,NP3-561-CD,NP4-732-CD,NP4-737-CD,10110.9004,1576.29,6694.79,1585.3101,10271.5,6005.8501,2908.1399,1069.61,40222.3905,623.9,1555.4,8446.3,10625.6,499.4,1157.2,7436.0,9092.6,0.0,0.0,True,True,True,True,True,True,True,True
2025-02-28,6:00,2025-02-28T06:00:00-06:00,2025-02-28T12:00:00+00:00,N,2025-02-27T09:30:00-06:00,2025-02-27T09:55:09-06:00,2025-02-27T09:55:08-06:00,2025-02-27,2025-02-27,2025-02-27,NP3-561-CD,NP4-732-CD,NP4-737-CD,10883.5996,1657.04,6646.6099,1641.3,11224.2002,6493.04,3081.28,1176.0699,42803.1396,712.0,1420.8,8969.1,11101.9,582.4,1011.2,7921.1,9514.7,0.0,0.0,True,True,True,True,True,True,True,True
2025-02-28,7:00,2025-02-28T07:00:00-06:00,2025-02-28T13:00:00+00:00,N,2025-02-27T09:30:00-06:00,2025-02-27T09:55:09-06:00,2025-02-27T09:55:08-06:00,2025-02-27,2025-02-27,2025-02-27,NP3-561-CD,NP4-732-CD,NP4-737-CD,11948.2002,1743.21,6723.7798,1735.59,12703.7002,7350.27,3452.6699,1302.89,46960.3101,809.0,1268.0,9355.4,11432.4,671.9,846.0,8271.9,9789.8,3.4,6.0,True,True,True,True,True,True,True,True
2025-02-28,8:00,2025-02-28T08:00:00-06:00,2025-02-28T14:00:00+00:00,N,2025-02-27T09:30:00-06:00,2025-02-27T09:55:09-06:00,2025-02-27T09:55:08-06:00,2025-02-27,2025-02-27,2025-02-27,NP3-561-CD,NP4-732-CD,NP4-737-CD,12411.7002,1772.7,6720.5801,1758.7,13437.7002,7789.6201,3601.48,1388.15,48880.6306,901.3,1064.3,9616.9,11582.5,756.6,641.9,8500.5,9899.0,1804.6,2400.3,True,True,True,True,True,True,True,True
2025-02-28,9:00,2025-02-28T09:00:00-06:00,2025-02-28T15:00:00+00:00,N,2025-02-27T09:30:00-06:00,2025-02-27T09:55:09-06:00,2025-02-27T09:55:08-06:00,2025-02-27,2025-02-27,2025-02-27,NP3-561-CD,NP4-732-CD,NP4-737-CD,12591.9004,1685.26,7164.54,1798.4301,13193.2998,7722.8398,3526.6299,1406.13,49089.03,912.7,680.4,9243.7,10836.8,765.1,312.7,8105.3,9183.1,11406.2,14218.6,True,True,True,True,True,True,True,True
2025-02-28,10:00,2025-02-28T10:00:00-06:00,2025-02-28T16:00:00+00:00,N,2025-02-27T09:30:00-06:00,2025-02-27T09:55:09-06:00,2025-02-27T09:55:08-06:00,2025-02-27,2025-02-27,2025-02-27,NP3-561-CD,NP4-732-CD,NP4-737-CD,12673.5,1595.02,7554.54,1791.89,12613.7998,7522.5298,3550.1699,1429.13,48730.5795,744.8,370.9,7786.7,8902.4,601.6,134.1,6686.1,7421.8,17759.1,21262.3,True,True,True,True,True,True,True,True
2025-02-28,11:00,2025-02-28T11:00:00-06:00,2025-02-28T17:00:00+00:00,N,2025-02-27T09:30:00-06:00,2025-02-27T09:55:09-06:00,2025-02-27T09:55:08-06:00,2025-02-27,2025-02-27,2025-02-27,NP3-561-CD,NP4-732-CD,NP4-737-CD,12668.7002,1534.5,7663.98,1752.9399,12025.4004,7337.48,3598.79,1375.65,47957.4405,619.0,344.2,7547.5,8510.7,468.2,143.3,6449.3,7060.8,18980.9,22967.3,True,True,True,True,True,True,True,True
2025-02-28,12:00,2025-02-28T12:00:00-06:00,2025-02-28T18:00:00+00:00,N,2025-02-27T09:30:00-06:00,2025-02-27T09:55:09-06:00,2025-02-27T09:55:08-06:00,2025-02-27,2025-02-27,2025-02-27,NP3-561-CD,NP4-732-CD,NP4-737-CD,12656.2002,1438.64,7667.48,1707.55,11521.0996,7211.5298,3603.6001,1293.4399,47099.5396,611.0,364.7,8677.6,9653.3,438.6,167.8,7457.7,8064.1,19512.2,23450.8,True,True,True,True,True,True,True,True
2025-02-28,13:00,2025-02-28T13:00:00-06:00,2025-02-28T19:00:00+00:00,N,2025-02-27T09:30:00-06:00,2025-02-27T09:55:09-06:00,2025-02-27T09:55:08-06:00,2025-02-27,2025-02-27,2025-02-27,NP3-561-CD,NP4-732-CD,NP4-737-CD,12656.0996,1388.65,7701.9199,1656.97,11142.9004,7128.8701,3626.47,1262.5,46564.38,527.9,373.2,8475.7,9376.8,359.8,171.6,7275.2,7806.6,19620.3,23129.1,True,True,True,True,True,True,True,True
2025-02-28,14:00,2025-02-28T14:00:00-06:00,2025-02-28T20:00:00+00:00,N,2025-02-27T09:30:00-06:00,2025-02-27T09:55:09-06:00,2025-02-27T09:55:08-06:00,2025-02-27,2025-02-27,2025-02-27,NP3-561-CD,NP4-732-CD,NP4-737-CD,12807.2998,1349.89,7697.8799,1657.49,10958.5,7168.98,3682.4299,1260.6801,46583.1497,454.4,396.4,7505.0,8355.8,305.1,178.8,6413.2,6897.1,20012.0,23290.3,True,True,True,True,True,True,True,True
2025-02-28,15:00,2025-02-28T15:00:00-06:00,2025-02-28T21:00:00+00:00,N,2025-02-27T09:30:00-06:00,2025-02-27T09:55:09-06:00,2025-02-27T09:55:08-06:00,2025-02-27,2025-02-27,2025-02-27,NP3-561-CD,NP4-732-CD,NP4-737-CD,12892.2998,1353.77,7587.5498,1641.71,10863.7998,7253.1602,3735.1899,1273.87,46601.3495,391.9,509.8,6504.0,7405.7,259.5,268.0,5512.4,6039.9,19810.8,23330.2,True,True,True,True,True,True,True,True
2025-02-28,16:00,2025-02-28T16:00:00-06:00,2025-02-28T22:00:00+00:00,N,2025-02-27T09:30:00-06:00,2025-02-27T09:55:09-06:00,2025-02-27T09:55:08-06:00,2025-02-27,2025-02-27,2025-02-27,NP3-561-CD,NP4-732-CD,NP4-737-CD,12884.5,1311.89,7369.6401,1595.03,10859.0996,7357.25,3753.3601,1288.6801,46419.4499,335.1,715.2,5356.6,6406.9,215.1,457.5,4465.9,5138.5,17948.4,22460.7,True,True,True,True,True,True,True,True
2025-02-28,17:00,2025-02-28T17:00:00-06:00,2025-02-28T23:00:00+00:00,N,2025-02-27T09:30:00-06:00,2025-02-27T09:55:09-06:00,2025-02-27T09:55:08-06:00,2025-02-27,2025-02-27,2025-02-27,NP3-561-CD,NP4-732-CD,NP4-737-CD,12738.0,1314.4399,7195.1802,1556.75,11003.4004,7551.2598,3774.4099,1274.88,46408.3202,296.7,966.5,4168.2,5431.4,186.0,700.6,3373.2,4259.8,15104.6,20241.9,True,True,True,True,True,True,True,True
2025-02-28,18:00,2025-02-28T18:00:00-06:00,2025-03-01T00:00:00+00:00,N,2025-02-27T09:30:00-06:00,2025-02-27T09:55:09-06:00,2025-02-27T09:55:08-06:00,2025-02-27,2025-02-27,2025-02-27,NP3-561-CD,NP4-732-CD,NP4-737-CD,12490.0996,1355.0699,7088.8101,1518.22,11084.4004,7721.9302,3786.05,1254.05,46298.6302,297.1,1158.8,3224.9,4680.8,194.5,887.6,2511.5,3593.6,5688.1,9596.5,True,True,True,True,True,True,True,True
2025-02-28,19:00,2025-02-28T19:00:00-06:00,2025-03-01T01:00:00+00:00,N,2025-02-27T09:30:00-06:00,2025-02-27T09:55:09-06:00,2025-02-27T09:55:08-06:00,2025-02-27,2025-02-27,2025-02-27,NP3-561-CD,NP4-732-CD,NP4-737-CD,12458.9004,1388.95,6949.2598,1512.9301,11382.0996,7988.4102,3829.75,1249.05,46759.3501,412.9,1325.5,3239.4,4977.8,305.2,1033.9,2511.4,3850.5,144.3,549.9,True,True,True,True,True,True,True,True
2025-02-28,20:00,2025-02-28T20:00:00-06:00,2025-03-01T02:00:00+00:00,N,2025-02-27T09:30:00-06:00,2025-02-27T09:55:09-06:00,2025-02-27T09:55:08-06:00,2025-02-27,2025-02-27,2025-02-27,NP3-561-CD,NP4-732-CD,NP4-737-CD,12403.2002,1412.28,7074.6401,1527.51,11472.7998,8079.6499,3843.53,1304.96,47118.57,698.9,1558.1,4577.5,6834.5,569.8,1210.9,3700.3,5481.0,0.0,0.0,True,True,True,True,True,True,True,True
2025-02-28,21:00,2025-02-28T21:00:00-06:00,2025-03-01T03:00:00+00:00,N,2025-02-27T09:30:00-06:00,2025-02-27T09:55:09-06:00,2025-02-27T09:55:08-06:00,2025-02-27,2025-02-27,2025-02-27,NP3-561-CD,NP4-732-CD,NP4-737-CD,12114.9004,1426.51,7142.3198,1519.72,11241.0,7879.1602,3771.4099,1278.64,46373.6603,1027.7,1833.0,6374.3,9235.0,869.8,1410.7,5294.1,7574.6,0.0,0.0,True,True,True,True,True,True,True,True
2025-02-28,22:00,2025-02-28T22:00:00-06:00,2025-03-01T04:00:00+00:00,N,2025-02-27T09:30:00-06:00,2025-02-27T09:55:09-06:00,2025-02-27T09:55:08-06:00,2025-02-27,2025-02-27,2025-02-27,NP3-561-CD,NP4-732-CD,NP4-737-CD,11801.2002,1417.12,7073.3701,1521.4,10924.7998,7619.21,3701.99,1240.75,45299.8401,1328.4,2055.9,8278.2,11662.5,1145.0,1563.2,7026.1,9734.3,0.0,0.0,True,True,True,True,True,True,True,True
2025-02-28,23:00,2025-02-28T23:00:00-06:00,2025-03-01T05:00:00+00:00,N,2025-02-27T09:30:00-06:00,2025-02-27T09:55:09-06:00,2025-02-27T09:55:08-06:00,2025-02-27,2025-02-27,2025-02-27,NP3-561-CD,NP4-732-CD,NP4-737-CD,11362.2998,1412.98,6960.1499,1476.9301,10568.5996,7242.0098,3585.9399,1206.6801,43815.5892,1589.8,2128.0,9953.8,13671.6,1384.4,1588.6,8568.1,11541.1,0.0,0.0,True,True,True,True,True,True,True,True
2025-02-28,24:00,2025-03-01T00:00:00-06:00,2025-03-01T06:00:00+00:00,N,2025-02-27T09:30:00-06:00,2025-02-27T09:55:09-06:00,2025-02-27T09:55:08-06:00,2025-02-27,2025-02-27,2025-02-27,NP3-561-CD,NP4-732-CD,NP4-737-CD,10906.7998,1404.72,7013.0498,1469.66,10134.9004,6809.23,3402.73,1140.35,42281.44,1792.8,2027.3,10799.7,14619.8,1576.6,1469.9,9361.3,12407.8,0.0,0.0,True,True,True,True,True,True,True,True
2025-09-30,1:00,2025-09-30T01:00:00-05:00,2025-09-30T06:00:00+00:00,N,2025-09-29T09:30:00-05:00,2025-09-29T09:55:10-05:00,2025-09-29T09:55:09-05:00,2025-09-29,2025-09-29,2025-09-29,NP3-561-CD,NP4-732-CD,NP4-737-CD,13637.2002,1491.3101,7664.1001,1982.8,13053.2002,7812.96,3984.3501,1322.17,50948.0907,500.3,985.4,5299.6,6785.3,380.8,705.5,4442.2,5528.5,0.0,0.0,True,True,True,True,True,True,True,True
2025-09-30,2:00,2025-09-30T02:00:00-05:00,2025-09-30T07:00:00+00:00,N,2025-09-29T09:30:00-05:00,2025-09-29T09:55:10-05:00,2025-09-29T09:55:09-05:00,2025-09-29,2025-09-29,2025-09-29,NP3-561-CD,NP4-732-CD,NP4-737-CD,13070.4004,1400.4399,7542.4702,1929.65,12229.7002,7407.0698,3766.7,1292.46,48638.8905,423.8,710.1,5257.2,6391.1,299.4,493.2,4357.3,5149.9,0.0,0.0,True,True,True,True,True,True,True,True
2025-09-30,3:00,2025-09-30T03:00:00-05:00,2025-09-30T08:00:00+00:00,N,2025-09-29T09:30:00-05:00,2025-09-29T09:55:10-05:00,2025-09-29T09:55:09-05:00,2025-09-29,2025-09-29,2025-09-29,NP3-561-CD,NP4-732-CD,NP4-737-CD,12667.7002,1330.11,7532.2002,1873.13,11697.2002,7094.5601,3642.1299,1319.42,47156.4506,356.1,477.7,4917.5,5751.3,233.3,292.6,4027.4,4553.3,0.0,0.0,True,True,True,True,True,True,True,True
2025-09-30,4:00,2025-09-30T04:00:00-05:00,2025-09-30T09:00:00+00:00,N,2025-09-29T09:30:00-05:00,2025-09-29T09:55:10-05:00,2025-09-29T09:55:09-05:00,2025-09-29,2025-09-29,2025-09-29,NP3-561-CD,NP4-732-CD,NP4-737-CD,12462.0,1314.98,7467.7598,1826.0601,11388.0,6968.9102,3555.01,1283.22,46265.9401,318.0,413.6,4389.7,5121.3,202.1,222.1,3556.0,3980.2,0.0,0.0,True,True,True,True,True,True,True,True
2025-09-30,5:00,2025-09-30T05:00:00-05:00,2025-09-30T10:00:00+00:00,N,2025-09-29T09:30:00-05:00,2025-09-29T09:55:10-05:00,2025-09-29T09:55:09-05:00,2025-09-29,2025-09-29,2025-09-29,NP3-561-CD,NP4-732-CD,NP4-737-CD,12464.7998,1336.64,7471.0601,1827.71,11321.7998,6882.73,3532.03,1294.12,46130.8897,299.1,479.2,3868.7,4647.0,192.3,252.2,3107.3,3551.8,0.0,0.0,True,True,True,True,True,True,True,True
2025-09-30,6:00,2025-09-30T06:00:00-05:00,2025-09-30T11:00:00+00:00,N,2025-09-29T09:30:00-05:00,2025-09-29T09:55:10-05:00,2025-09-29T09:55:09-05:00,2025-09-29,2025-09-29,2025-09-29,NP3-561-CD,NP4-732-CD,NP4-737-CD,12699.5996,1399.96,7354.0601,1879.58,11832.5,7028.54,3580.5,1305.42,47080.1597,262.7,619.3,3413.5,4295.5,161.4,366.8,2690.7,3218.9,0.0,0.0,True,True,True,True,True,True,True,True
2025-09-30,7:00,2025-09-30T07:00:00-05:00,2025-09-30T12:00:00+00:00,N,2025-09-29T09:30:00-05:00,2025-09-29T09:55:10-05:00,2025-09-29T09:55:09-05:00,2025-09-29,2025-09-29,2025-09-29,NP3-561-CD,NP4-732-CD,NP4-737-CD,13135.0,1519.95,7299.6602,1935.45,12717.7002,7432.6699,3761.4199,1338.91,49140.7602,233.7,766.6,3020.0,4020.3,134.2,513.0,2305.0,2952.2,0.0,0.0,True,True,True,True,True,True,True,True
2025-09-30,8:00,2025-09-30T08:00:00-05:00,2025-09-30T13:00:00+00:00,N,2025-09-29T09:30:00-05:00,2025-09-29T09:55:10-05:00,2025-09-29T09:55:09-05:00,2025-09-29,2025-09-29,2025-09-29,NP3-561-CD,NP4-732-CD,NP4-737-CD,13138.4004,1556.4301,7318.0298,1982.89,12949.9004,7587.3198,3738.45,1366.24,49637.6605,210.4,925.1,2715.0,3850.5,111.6,665.2,2011.0,2787.8,354.2,474.5,True,True,True,True,True,True,True,True
2025-09-30,9:00,2025-09-30T09:00:00-05:00,2025-09-30T14:00:00+00:00,N,2025-09-29T09:30:00-05:00,2025-09-29T09:55:10-05:00,2025-09-29T09:55:09-05:00,2025-09-29,2025-09-29,2025-09-29,NP3-561-CD,NP4-732-CD,NP4-737-CD,13535.4004,1607.22,7906.6201,2083.47,13451.0996,7903.9102,3961.23,1407.25,51856.2003,163.5,963.8,2327.4,3454.7,68.5,698.4,1641.8,2408.7,5486.5,7456.2,True,True,True,True,True,True,True,True
2025-09-30,10:00,2025-09-30T10:00:00-05:00,2025-09-30T15:00:00+00:00,N,2025-09-29T09:30:00-05:00,2025-09-29T09:55:10-05:00,2025-09-29T09:55:09-05:00,2025-09-29,2025-09-29,2025-09-29,NP3-561-CD,NP4-732-CD,NP4-737-CD,14546.7998,1813.22,8672.1797,2222.1599,14637.2998,8704.8096,4404.75,1511.92,56513.1388,100.4,663.9,1656.6,2420.9,24.4,397.3,1001.9,1423.6,14085.2,18730.2,True,True,True,True,True,True,True,True
2025-09-30,11:00,2025-09-30T11:00:00-05:00,2025-09-30T16:00:00+00:00,N,2025-09-29T09:30:00-05:00,2025-09-29T09:55:10-05:00,2025-09-29T09:55:09-05:00,2025-09-29,2025-09-29,2025-09-29,NP3-561-CD,NP4-732-CD,NP4-737-CD,15339.0996,1855.3101,8619.9697,2253.3799,15513.7998,9297.8701,4623.6699,1581.51,59084.6091,60.7,431.8,1364.2,1856.7,6.5,145.2,725.6,877.3,18928.4,24311.4,True,True,True,True,True,True,True,True
2025-09-30,12:00,2025-09-30T12:00:00-05:00,2025-09-30T17:00:00+00:00,N,2025-09-29T09:30:00-05:00,2025-09-29T09:55:10-05:00,2025-09-29T09:55:09-05:00,2025-09-29,2025-09-29,2025-09-29,NP3-561-CD,NP4-732-CD,NP4-737-CD,16182.0,1906.4,8302.6602,2271.1299,16255.5996,9736.3203,4803.2998,1575.77,61033.1798,49.1,485.0,1641.4,2175.5,3.9,174.1,987.2,1165.2,20176.5,26075.7,True,True,True,True,True,True,True,True
2025-09-30,13:00,2025-09-30T13:00:00-05:00,2025-09-30T18:00:00+00:00,N,2025-09-29T09:30:00-05:00,2025-09-29T09:55:10-05:00,2025-09-29T09:55:09-05:00,2025-09-29,2025-09-29,2025-09-29,NP3-561-CD,NP4-732-CD,NP4-737-CD,17182.5,2029.78,8191.3501,2366.48,17369.3008,10380.2998,5013.2202,1647.91,64180.8409,45.1,575.4,1614.8,2235.3,1.9,225.6,983.7,1211.2,20978.9,26323.4,True,True,True,True,True,True,True,True
2025-09-30,14:00,2025-09-30T14:00:00-05:00,2025-09-30T19:00:00+00:00,N,2025-09-29T09:30:00-05:00,2025-09-29T09:55:10-05:00,2025-09-29T09:55:09-05:00,2025-09-29,2025-09-29,2025-09-29,NP3-561-CD,NP4-732-CD,NP4-737-CD,18095.5,2166.1101,8160.7998,2456.96,18466.1992,11020.7998,5274.23,1718.4,67358.9989,48.1,677.0,1453.7,2178.8,2.2,300.6,841.6,1144.4,21070.2,26370.9,True,True,True,True,True,True,True,True
2025-09-30,15:00,2025-09-30T15:00:00-05:00,2025-09-30T20:00:00+00:00,N,2025-09-29T09:30:00-05:00,2025-09-29T09:55:10-05:00,2025-09-29T09:55:09-05:00,2025-09-29,2025-09-29,2025-09-29,NP3-561-CD,NP4-732-CD,NP4-737-CD,18886.9004,2226.6799,7999.96,2524.97,19363.5,11497.7998,5466.5498,1786.08,69752.4399,51.2,802.6,1368.7,2222.5,2.5,398.4,766.5,1167.4,21287.6,26362.3,True,True,True,True,True,True,True,True
2025-09-30,16:00,2025-09-30T16:00:00-05:00,2025-09-30T21:00:00+00:00,N,2025-09-29T09:30:00-05:00,2025-09-29T09:55:10-05:00,2025-09-29T09:55:09-05:00,2025-09-29,2025-09-29,2025-09-29,NP3-561-CD,NP4-732-CD,NP4-737-CD,19446.6992,2300.3601,7939.9702,2556.2,19898.5,11912.0,5556.98,1844.16,71454.8695,54.8,997.1,1372.2,2424.1,3.1,549.8,792.0,1344.9,20770.2,26287.4,True,True,True,True,True,True,True,True
2025-09-30,17:00,2025-09-30T17:00:00-05:00,2025-09-30T22:00:00+00:00,N,2025-09-29T09:30:00-05:00,2025-09-29T09:55:10-05:00,2025-09-29T09:55:09-05:00,2025-09-29,2025-09-29,2025-09-29,NP3-561-CD,NP4-732-CD,NP4-737-CD,19823.9004,2371.0801,7773.6001,2576.8501,20342.1992,12176.7002,5650.1201,1883.0,72597.4502,64.1,1218.1,1422.3,2704.5,6.8,741.1,854.4,1602.3,18491.5,25245.8,True,True,True,True,True,True,True,True
2025-09-30,18:00,2025-09-30T18:00:00-05:00,2025-09-30T23:00:00+00:00,N,2025-09-29T09:30:00-05:00,2025-09-29T09:55:10-05:00,2025-09-29T09:55:09-05:00,2025-09-29,2025-09-29,2025-09-29,NP3-561-CD,NP4-732-CD,NP4-737-CD,19711.0996,2360.4099,7504.2998,2565.0701,20314.1992,12268.5,5646.0098,1884.8,72254.3884,82.7,1400.4,1556.4,3039.5,13.8,935.1,961.3,1910.2,13609.9,20201.0,True,True,True,True,True,True,True,True
2025-09-30,19:00,2025-09-30T19:00:00-05:00,2025-10-01T00:00:00+00:00,N,2025-09-29T09:30:00-05:00,2025-09-29T09:55:10-05:00,2025-09-29T09:55:09-05:00,2025-09-29,2025-09-29,2025-09-29,NP3-561-CD,NP4-732-CD,NP4-737-CD,18963.6992,2306.54,7319.1001,2477.51,19552.9004,12010.0,5500.1201,1832.67,69962.5398,138.9,1532.0,1937.1,3608.0,38.7,1141.6,1252.7,2433.0,3577.7,7297.2,True,True,True,True,True,True,True,True
2025-09-30,20:00,2025-09-30T20:00:00-05:00,2025-10-01T01:00:00+00:00,N,2025-09-29T09:30:00-05:00,2025-09-29T09:55:10-05:00,2025-09-29T09:55:09-05:00,2025-09-29,2025-09-29,2025-09-29,NP3-561-CD,NP4-732-CD,NP4-737-CD,18164.5,2233.46,7242.7402,2345.3799,18611.0996,11473.5996,5322.2998,1754.05,67147.1291,287.0,1719.2,3149.6,5155.8,160.4,1354.6,2301.1,3816.1,47.0,264.4,True,True,True,True,True,True,True,True
2025-09-30,21:00,2025-09-30T21:00:00-05:00,2025-10-01T02:00:00+00:00,N,2025-09-29T09:30:00-05:00,2025-09-29T09:55:10-05:00,2025-09-29T09:55:09-05:00,2025-09-29,2025-09-29,2025-09-29,NP3-561-CD,NP4-732-CD,NP4-737-CD,17514.8008,2136.99,7432.4702,2322.3101,17811.0,10951.5,5151.3301,1726.28,65046.6812,485.8,1899.0,5152.9,7537.7,333.1,1469.0,4093.0,5895.1,0.0,0.0,True,True,True,True,True,True,True,True
2025-09-30,22:00,2025-09-30T22:00:00-05:00,2025-10-01T03:00:00+00:00,N,2025-09-29T09:30:00-05:00,2025-09-29T09:55:10-05:00,2025-09-29T09:55:09-05:00,2025-09-29,2025-09-29,2025-09-29,NP3-561-CD,NP4-732-CD,NP4-737-CD,16691.3008,2012.33,7355.6401,2317.8899,16907.0996,10308.0996,4955.3101,1670.65,62218.3201,656.5,1921.9,7116.3,9694.7,478.2,1419.6,5856.9,7754.7,0.0,0.0,True,True,True,True,True,True,True,True
2025-09-30,23:00,2025-09-30T23:00:00-05:00,2025-10-01T04:00:00+00:00,N,2025-09-29T09:30:00-05:00,2025-09-29T09:55:10-05:00,2025-09-29T09:55:09-05:00,2025-09-29,2025-09-29,2025-09-29,NP3-561-CD,NP4-732-CD,NP4-737-CD,15666.7998,1855.33,7497.0298,2211.0901,15476.5,9495.1504,4676.23,1583.64,58461.7701,816.9,1825.1,8821.2,11463.2,622.0,1296.3,7431.0,9349.3,0.0,0.0,True,True,True,True,True,True,True,True
2025-09-30,24:00,2025-10-01T00:00:00-05:00,2025-10-01T05:00:00+00:00,N,2025-09-29T09:30:00-05:00,2025-09-29T09:55:10-05:00,2025-09-29T09:55:09-05:00,2025-09-29,2025-09-29,2025-09-29,NP3-561-CD,NP4-732-CD,NP4-737-CD,14706.2998,1725.91,7589.29,2065.8301,14266.5996,8780.8496,4387.1802,1476.78,54998.7393,947.4,1588.7,10102.4,12638.5,735.3,1086.5,8586.4,10408.2,0.0,0.0,True,True,True,True,True,True,True,True
